"","term","estimate","std.error","statistic","p.value"
"1","timeEnd",0.00252069854286592,0.000599229150430756,4.20656862412972,2.59524467560493e-05
"2","timeOnset",0.000488755098665338,0.000766970474022334,0.637254125445129,0.523960925340848
"3","timeEnd:exposed_15",-0.00253184140006258,0.00160253884871592,-1.57989393024156,0.114134624534585
"4","timeOnset:exposed_15",-0.00197483930776053,0.00160253884871591,-1.23231914742219,0.217833064233746
