"","term","estimate","std.error","statistic","p.value"
"1","timeEnd",3.36215066053976e-05,0.000105161857863894,0.319711987676296,0.749187403253669
"2","timeOnset",-0.000215273174191927,0.000134599660108258,-1.59935897326029,0.109744323829166
"3","timeEnd:exposed_15",-0.00014682750064386,0.000281237924605114,-0.522075750807861,0.60161885632713
"4","timeOnset:exposed_15",-2.04691483567036e-05,0.000281237924605112,-0.0727823190469226,0.941979500464664
