"","term","estimate","std.error","statistic","p.value"
"1","timeEnd",0.000210150388227172,0.000112252227335459,1.87212666702061,0.061192276533493
"2","timeOnset",3.65573653978015e-05,0.000143678103274527,0.254439365252137,0.799156715497902
"3","timeEnd:exposed_15",-0.000519458027580454,0.000300199071138059,-1.7303785305237,0.0835660471486397
"4","timeOnset:exposed_15",0.000528803625283267,0.000300199071138043,1.76150986503254,0.0781554922926347
