"","term","estimate","std.error","statistic","p.value"
"1","timeEnd",0.0013187269072648,0.000613616284726166,2.1491067627928,0.0316285588751852
"2","timeOnset",-0.000615996967398888,0.000785384977392943,-0.784324866314184,0.432851547578532
"3","timeEnd:exposed_15",0.000212268461135981,0.00164101485011458,0.129351944085796,0.897079456206037
"4","timeOnset:exposed_15",0.00210764374544328,0.00164101485011456,1.28435385291982,0.19902143149827
