"","term","estimate","std.error","statistic","p.value"
"1","timeEnd",0.00345856800871306,0.00121172017822378,2.85426294854878,0.00431465215686483
"2","timeOnset",-0.000634354475809556,0.00155091520298479,-0.409019445156459,0.68252635075374
"3","timeEnd:exposed_15",0.00401964314471242,0.00324054438603447,1.24042218401191,0.214822468285354
"4","timeOnset:exposed_15",0.00224157907529779,0.00324054438603444,0.691729169011903,0.489109184786659
