"","term","estimate","std.error","statistic","p.value"
"1","timeEnd",-0.000109118949508423,0.000126373215984347,-0.863465795805487,0.387883703207774
"2","timeOnset",-1.79539282556483e-05,0.000161789961764389,-0.110970594589757,0.911639910599311
"3","timeEnd:exposed_15",0.000125061030789928,0.0003380618947366,0.369935306927652,0.711431558225259
"4","timeOnset:exposed_15",0.00172562939750405,0.000337445266079046,5.11380532183796,3.16373972668493e-07
