"","term","estimate","std.error","statistic","p.value"
"1","timeEnd",8.92468144934195e-05,0.000137590399123982,0.648641293735907,0.516571890489638
"2","timeOnset",-2.16853804201375e-05,0.000176112075775058,-0.123133977750824,0.902001276839851
"3","timeEnd:exposed_15",-9.49504948005136e-05,0.000367928098548459,-0.258068071384355,0.796354954487138
"4","timeOnset:exposed_15",0.000157840613433394,0.000367928095888118,0.428998533130209,0.667925304967667
