"","term","estimate","std.error","statistic","p.value"
"1","timeEnd",0.000274522886430039,0.000332499037053799,0.825635132247376,0.409013257408655
"2","timeOnset",-0.00020051689949052,0.000425574997274086,-0.47116701116109,0.637522600525651
"3","timeEnd:exposed_15",0.00158931816550588,0.000889213456415321,1.78733031314313,0.07388743421221
"4","timeOnset:exposed_15",-0.000923675031650053,0.000889213456415313,-1.03875512115355,0.29892138988106
