"","term","estimate","std.error","statistic","p.value"
"1","timeEnd",0.00248707703626063,0.000590010855696811,4.21530724773422,2.4967795851698e-05
"2","timeOnset",0.000704028272857059,0.000755171715773192,0.932275743585326,0.35119650588781
"3","timeEnd:exposed_15",-0.00238501389941871,0.00157788605033414,-1.5115248017521,0.130658256328351
"4","timeOnset:exposed_15",-0.00195437015940443,0.00157788605033412,-1.23860031527029,0.215496736514064
